region,comuna,cod_com,apruebo,rechazo,nulo,blanco,votos_validos,votos_totales
VALPARAISO,ALGARROBO,2564,703,1253,32,15,1956,2003
METROPOLITANA SANTIAGO,ALHUE,2801,237,481,11,6,718,735
BIOBIO,ALTO BIOBIO,2674,0,0,0,0,0,0
ATACAMA,ALTO DEL CARMEN,2523,95,149,4,3,244,251
TARAPACA,ALTO HOSPICIO,2502,1778,4490,98,35,6268,6401
LOS LAGOS,ANCUD,2717,3621,7476,161,99,11097,11357
COQUIMBO,ANDACOLLO,2528,1320,1454,58,25,2774,2857
LA ARAUCANIA,ANGOL,2696,1230,4951,67,21,6181,6269
NA,ANTARTICA,2752,9,47,0,0,56,56
ANTOFAGASTA,ANTOFAGASTA,2508,7956,12162,380,124,20118,20622
BIOBIO,ANTUCO,2662,259,693,16,7,952,975
BIOBIO,ARAUCO,2655,1406,4654,85,43,6060,6188
ARICA Y PARINACOTA,ARICA,2822,5859,11546,378,96,17405,17879
AYSEN GENERAL CARLOS IBAÑEZ CAMPO,AYSEN,2739,1466,2447,69,22,3913,4004
METROPOLITANA SANTIAGO,BUIN,2797,7714,12679,257,112,20393,20762
ÑUBLE,BULNES,2827,1290,4310,81,47,5600,5728
VALPARAISO,CABILDO,2554,1117,1492,34,24,2609,2667
NA,CABO DE HORNOS(EX-NAVARINO),2751,298,813,2,0,1111,1113
BIOBIO,CABRERO,2663,938,3582,42,45,4520,4607
ANTOFAGASTA,CALAMA,2512,5424,13464,324,97,18888,19309
LOS LAGOS,CALBUCO,2708,1625,5317,118,83,6942,7143
ATACAMA,CALDERA,2518,986,1134,35,16,2120,2171
VALPARAISO,CALERA,2559,1557,2177,60,25,3734,3819
METROPOLITANA SANTIAGO,CALERA DE TANGO,2798,1337,2491,53,23,3828,3904
VALPARAISO,CALLE LARGA,2550,1474,2581,64,18,4055,4137
ARICA Y PARINACOTA,CAMARONES,2823,0,0,0,0,0,0
TARAPACA,CAMIÑA,2504,0,0,0,0,0,0
COQUIMBO,CANELA,2533,1482,1676,38,40,3158,3236
BIOBIO,CAÑETE,2656,943,3328,45,22,4271,4338
LA ARAUCANIA,CARAHUE,2676,1004,3136,63,28,4140,4231
VALPARAISO,CARTAGENA,2565,731,936,37,14,1667,1718
VALPARAISO,CASABLANCA,2542,1495,3249,73,33,4744,4850
LOS LAGOS,CASTRO,2716,2585,4219,120,50,6804,6974
VALPARAISO,CATEMU,2570,1072,2154,32,24,3226,3282
MAULE,CAUQUENES,2622,1500,6409,82,42,7909,8033
METROPOLITANA SANTIAGO,CERRILLOS,2759,2941,3210,77,42,6151,6270
METROPOLITANA SANTIAGO,CERRO NAVIA,2760,5818,6117,183,69,11935,12187
LOS LAGOS,CHAITEN,2733,271,739,13,18,1010,1041
MAULE,CHANCO,2623,755,2279,31,14,3034,3079
ATACAMA,CHAÑARAL,2520,2562,2659,86,37,5221,5344
LIBERTADOR GENERAL BERNARDO O'HIGGINS,CHEPICA,2603,908,3075,57,23,3983,4063
BIOBIO,CHIGUAYANTE,2644,4900,7341,260,63,12241,12564
AYSEN GENERAL CARLOS IBAÑEZ CAMPO,CHILE CHICO,2745,995,1425,29,26,2420,2475
ÑUBLE,CHILLAN,2826,9218,20101,367,129,29319,29815
ÑUBLE,CHILLAN VIEJO,2828,1182,2841,56,13,4023,4092
LIBERTADOR GENERAL BERNARDO O'HIGGINS,CHIMBARONGO,2604,2013,5380,99,56,7393,7548
LA ARAUCANIA,CHOLCHOL,2695,898,2553,75,24,3451,3550
LOS LAGOS,CHONCHI,2718,2182,4362,72,37,6544,6653
AYSEN GENERAL CARLOS IBAÑEZ CAMPO,CISNES,2740,286,268,0,11,554,565
ÑUBLE,COBQUECURA,2836,418,1234,22,9,1652,1683
LOS LAGOS,COCHAMO,2709,66,319,5,2,385,392
AYSEN GENERAL CARLOS IBAÑEZ CAMPO,COCHRANE,2742,0,0,0,0,0,0
LIBERTADOR GENERAL BERNARDO O'HIGGINS,CODEGUA,2580,1511,3159,74,34,4670,4778
ÑUBLE,COELEMU,2837,1021,3421,48,38,4442,4528
ÑUBLE,COIHUECO,2843,999,4957,67,30,5956,6053
LIBERTADOR GENERAL BERNARDO O'HIGGINS,COINCO,2581,659,1381,48,22,2040,2110
MAULE,COLBUN,2635,1171,3347,51,29,4518,4598
TARAPACA,COLCHANE,2505,52,580,7,0,632,639
METROPOLITANA SANTIAGO,COLINA,2793,5364,16381,202,80,21745,22027
LA ARAUCANIA,COLLIPULLI,2697,1060,4716,79,47,5776,5902
LIBERTADOR GENERAL BERNARDO O'HIGGINS,COLTAUCO,2582,1179,2978,65,34,4157,4256
COQUIMBO,COMBARBALA,2537,715,1191,56,32,1906,1994
BIOBIO,CONCEPCION,2642,9629,15477,367,127,25106,25600
METROPOLITANA SANTIAGO,CONCHALI,2761,8847,8929,322,108,17776,18206
VALPARAISO,CONCON,2543,2116,4562,85,30,6678,6793
MAULE,CONSTITUCION,2613,2902,8457,182,84,11359,11625
BIOBIO,CONTULMO,2657,150,675,11,8,825,844
ATACAMA,COPIAPO,2517,6550,10137,253,113,16687,17053
COQUIMBO,COQUIMBO,2527,8179,11301,393,149,19480,20022
BIOBIO,CORONEL,2643,6489,13601,345,98,20090,20533
LOS RIOS,CORRAL,2811,502,715,19,10,1217,1246
AYSEN GENERAL CARLOS IBAÑEZ CAMPO,COYHAIQUE,2737,2100,4285,69,55,6385,6509
LA ARAUCANIA,CUNCO,2677,2033,6134,131,62,8167,8360
LA ARAUCANIA,CURACAUTIN,2698,1178,4771,77,27,5949,6053
METROPOLITANA SANTIAGO,CURACAVI,2802,961,1448,43,14,2409,2466
LOS LAGOS,CURACO DE VELEZ,2719,323,720,15,20,1043,1078
BIOBIO,CURANILAHUE,2658,622,2127,22,12,2749,2783
LA ARAUCANIA,CURARREHUE,2678,294,797,33,12,1091,1136
MAULE,CUREPTO,2614,1166,2794,62,36,3960,4058
MAULE,CURICO,2625,14533,28876,599,236,43409,44244
LOS LAGOS,DALCAHUE,2720,1766,4578,65,56,6344,6465
ATACAMA,DIEGO DE ALMAGRO,2521,1689,1697,72,21,3386,3479
LIBERTADOR GENERAL BERNARDO O'HIGGINS,DOÑIHUE,2583,2420,4236,114,37,6656,6807
METROPOLITANA SANTIAGO,EL BOSQUE,2762,9754,11908,348,109,21662,22119
ÑUBLE,EL CARMEN,2829,552,2281,40,13,2833,2886
METROPOLITANA SANTIAGO,EL MONTE,2806,142,220,2,2,362,366
VALPARAISO,EL QUISCO,2566,235,299,8,2,534,544
VALPARAISO,EL TABO,2567,895,1002,31,13,1897,1941
MAULE,EMPEDRADO,2615,59,313,2,2,372,376
LA ARAUCANIA,ERCILLA,2699,146,523,13,4,669,686
METROPOLITANA SANTIAGO,ESTACION CENTRAL,2763,5653,6031,174,87,11684,11945
BIOBIO,FLORIDA,2645,871,3117,44,29,3988,4061
LA ARAUCANIA,FREIRE,2679,1008,3058,75,32,4066,4173
ATACAMA,FREIRINA,2524,639,747,24,12,1386,1422
LOS LAGOS,FRESIA,2710,713,2217,26,33,2930,2989
LOS LAGOS,FRUTILLAR,2711,527,1499,30,17,2026,2073
LOS LAGOS,FUTALEUFU,2734,102,278,4,5,380,389
LOS RIOS,FUTRONO,2819,732,2335,33,22,3067,3122
LA ARAUCANIA,GALVARINO,2680,659,1947,38,34,2606,2678
ARICA Y PARINACOTA,GENERAL LAGOS,2825,36,220,8,1,256,265
LA ARAUCANIA,GORBEA,2681,688,2682,44,24,3370,3438
LIBERTADOR GENERAL BERNARDO O'HIGGINS,GRANEROS,2584,2489,3921,99,44,6410,6553
AYSEN GENERAL CARLOS IBAÑEZ CAMPO,GUAITECAS,2741,97,175,3,0,272,275
VALPARAISO,HIJUELAS,2560,880,1996,60,18,2876,2954
LOS LAGOS,HUALAIHUE,2735,463,1340,17,23,1803,1843
MAULE,HUALAÑE,2626,973,2106,51,24,3079,3154
BIOBIO,HUALPEN,2653,7552,12397,375,94,19949,20418
BIOBIO,HUALQUI,2646,1259,2913,53,20,4172,4245
TARAPACA,HUARA,2506,408,1231,27,3,1639,1669
ATACAMA,HUASCO,2525,791,846,27,12,1637,1676
METROPOLITANA SANTIAGO,HUECHURABA,2764,5671,7187,198,60,12858,13116
COQUIMBO,ILLAPEL,2532,1360,1984,62,33,3344,3439
METROPOLITANA SANTIAGO,INDEPENDENCIA,2765,5492,6758,169,84,12250,12503
TARAPACA,IQUIQUE,2501,6752,13229,278,89,19981,20348
METROPOLITANA SANTIAGO,ISLA DE MAIPO,2807,1065,1979,37,13,3044,3094
VALPARAISO,ISLA DE PASCUA,2548,0,0,0,0,0,0
VALPARAISO,JUAN FERNANDEZ,2544,85,55,4,2,140,146
METROPOLITANA SANTIAGO,LA CISTERNA,2766,6713,7694,224,56,14407,14687
VALPARAISO,LA CRUZ,2561,295,514,15,4,809,828
LIBERTADOR GENERAL BERNARDO O'HIGGINS,LA ESTRELLA,2597,257,460,13,2,717,732
METROPOLITANA SANTIAGO,LA FLORIDA,2767,18678,19087,656,214,37765,38635
METROPOLITANA SANTIAGO,LA GRANJA,2768,8388,8270,304,82,16658,17044
COQUIMBO,LA HIGUERA,2529,140,192,4,3,332,339
VALPARAISO,LA LIGUA,2553,833,1046,21,10,1879,1910
METROPOLITANA SANTIAGO,LA PINTANA,2769,6377,7173,216,89,13550,13855
METROPOLITANA SANTIAGO,LA REINA,2770,3272,5330,74,52,8602,8728
COQUIMBO,LA SERENA,2526,10291,13773,452,155,24064,24671
LOS RIOS,LA UNION,2818,3325,8918,152,78,12243,12473
LOS RIOS,LAGO RANCO,2820,285,884,27,7,1169,1203
AYSEN GENERAL CARLOS IBAÑEZ CAMPO,LAGO VERDE,2738,107,188,4,2,295,301
MAGALLANES Y LA ANTARTICA CHILENA,LAGUNA BLANCA,2748,158,347,4,3,505,512
BIOBIO,LAJA,2664,2009,5122,93,66,7131,7290
METROPOLITANA SANTIAGO,LAMPA,2794,2355,3868,83,22,6223,6328
LOS RIOS,LANCO,2812,1491,3316,91,47,4807,4945
LIBERTADOR GENERAL BERNARDO O'HIGGINS,LAS CABRAS,2585,728,1512,35,15,2240,2290
METROPOLITANA SANTIAGO,LAS CONDES,2771,15536,61128,690,347,76664,77701
LA ARAUCANIA,LAUTARO,2682,1393,4465,98,31,5858,5987
BIOBIO,LEBU,2654,568,2067,46,20,2635,2701
MAULE,LICANTEN,2627,582,1093,19,9,1675,1703
VALPARAISO,LIMACHE,2576,1508,2635,76,24,4143,4243
MAULE,LINARES,2634,4092,10043,166,80,14135,14381
LIBERTADOR GENERAL BERNARDO O'HIGGINS,LITUECHE,2598,517,844,24,12,1361,1397
VALPARAISO,LLAILLAY,2571,1133,1378,34,9,2511,2554
LOS LAGOS,LLANQUIHUE,2713,547,1448,34,11,1995,2040
METROPOLITANA SANTIAGO,LO BARNECHEA,2772,3617,21347,179,68,24964,25211
METROPOLITANA SANTIAGO,LO ESPEJO,2773,6404,6319,218,71,12723,13012
METROPOLITANA SANTIAGO,LO PRADO,2774,6936,6948,222,71,13884,14177
LIBERTADOR GENERAL BERNARDO O'HIGGINS,LOLOL,2605,188,597,8,11,785,804
LA ARAUCANIA,LONCOCHE,2683,1579,4155,106,37,5734,5877
MAULE,LONGAVI,2636,1973,9266,134,65,11239,11438
LA ARAUCANIA,LONQUIMAY,2700,767,2810,63,23,3577,3663
BIOBIO,LOS ALAMOS,2659,464,1868,26,4,2332,2362
VALPARAISO,LOS ANDES,2549,3908,6138,153,53,10046,10252
BIOBIO,LOS ANGELES,2661,5549,21822,371,120,27371,27862
LOS RIOS,LOS LAGOS,2813,593,1773,26,18,2366,2410
LOS LAGOS,LOS MUERMOS,2712,337,1682,16,17,2019,2052
LA ARAUCANIA,LOS SAUCES,2701,152,856,15,5,1008,1028
COQUIMBO,LOS VILOS,2534,2273,3117,97,45,5390,5532
BIOBIO,LOTA,2647,3168,6853,180,67,10021,10268
LA ARAUCANIA,LUMACO,2702,646,3344,42,13,3990,4045
LIBERTADOR GENERAL BERNARDO O'HIGGINS,MACHALI,2586,1784,3211,79,32,4995,5106
METROPOLITANA SANTIAGO,MACUL,2775,4956,4693,143,58,9649,9850
LOS RIOS,MAFIL,2814,471,1622,33,12,2093,2138
METROPOLITANA SANTIAGO,MAIPU,2776,47431,45098,1383,404,92529,94316
LIBERTADOR GENERAL BERNARDO O'HIGGINS,MALLOA,2587,1140,3012,37,31,4152,4220
LIBERTADOR GENERAL BERNARDO O'HIGGINS,MARCHIGUE,2599,650,1377,38,21,2027,2086
ANTOFAGASTA,MARIA ELENA,2516,507,763,33,6,1270,1309
METROPOLITANA SANTIAGO,MARIA PINTO,2803,264,464,20,8,728,756
LOS RIOS,MARIQUINA,2815,1534,3927,50,34,5461,5545
MAULE,MAULE,2616,1694,4823,93,40,6517,6650
LOS LAGOS,MAULLIN,2714,754,2313,51,38,3067,3156
ANTOFAGASTA,MEJILLONES,2509,1035,1505,27,13,2540,2580
LA ARAUCANIA,MELIPEUCO,2684,377,1117,23,15,1494,1532
METROPOLITANA SANTIAGO,MELIPILLA,2800,5082,10056,230,79,15138,15447
MAULE,MOLINA,2628,3526,7064,165,54,10590,10809
COQUIMBO,MONTE PATRIA,2538,2529,5453,134,60,7982,8176
LIBERTADOR GENERAL BERNARDO O'HIGGINS,MOSTAZAL,2588,1498,2389,61,22,3887,3970
BIOBIO,MULCHEN,2665,1591,5052,91,44,6643,6778
BIOBIO,"NACIMIENTO",2666,1715,6009,96,46,7724,7866
LIBERTADOR GENERAL BERNARDO O'HIGGINS,"NANCAGUA",2606,1106,2455,43,29,3561,3633
MAGALLANES Y LA ANTARTICA CHILENA,"NATALES",2756,6360,9013,274,142,15373,15789
LIBERTADOR GENERAL BERNARDO O'HIGGINS,"NAVIDAD",2600,827,1139,50,27,1966,2043
BIOBIO,NEGRETE,2667,251,1320,16,9,1571,1596
ÑUBLE,NINHUE,2838,387,1566,48,14,1953,2015
VALPARAISO,NOGALES,2562,854,1183,37,11,2037,2085
LA ARAUCANIA,NUEVA IMPERIAL,2685,1223,2872,79,25,4095,4199
ÑUBLE,ÑIQUEN,2844,875,3824,58,21,4699,4778
METROPOLITANA SANTIAGO,ÑUÑOA,2777,17347,17133,401,149,34480,35030
AYSEN GENERAL CARLOS IBAÑEZ CAMPO,O'HIGGINS,2743,0,0,0,0,0,0
LIBERTADOR GENERAL BERNARDO O'HIGGINS,OLIVAR,2589,1662,3863,84,35,5525,5644
ANTOFAGASTA,OLLAGUE,2513,0,0,0,0,0,0
VALPARAISO,OLMUE,2577,544,1012,32,6,1556,1594
LOS LAGOS,OSORNO,2726,7191,13757,319,106,20948,21373
COQUIMBO,OVALLE,2536,8757,16010,413,175,24767,25355
METROPOLITANA SANTIAGO,PADRE HURTADO,2808,3162,3725,102,32,6887,7021
LA ARAUCANIA,PADRE LAS CASAS,2686,2158,6264,142,53,8422,8617
NA,PAIHUANO,2530,366,657,24,2,1023,1049
LOS RIOS,PAILLACO,2816,1054,2711,50,24,3765,3839
METROPOLITANA SANTIAGO,PAINE,2799,2681,4290,101,42,6971,7114
LOS LAGOS,PALENA,2736,193,496,3,7,689,699
LIBERTADOR GENERAL BERNARDO O'HIGGINS,PALMILLA,2607,260,635,9,1,895,905
LOS RIOS,PANGUIPULLI,2817,3432,9782,211,117,13214,13542
VALPARAISO,PANQUEHUE,2572,1134,2017,38,20,3151,3209
VALPARAISO,PAPUDO,2555,264,381,4,3,645,652
LIBERTADOR GENERAL BERNARDO O'HIGGINS,PAREDONES,2601,1297,2526,43,42,3823,3908
MAULE,PARRAL,2637,3211,10416,158,54,13627,13839
METROPOLITANA SANTIAGO,PEDRO AGUIRRE CERDA,2778,7696,6521,266,86,14217,14569
MAULE,PELARCO,2617,469,1588,35,5,2057,2097
MAULE,PELLUHUE,2624,746,2534,46,7,3280,3333
ÑUBLE,PEMUCO,2830,229,783,17,5,1012,1034
MAULE,PENCAHUE,2618,1004,3815,34,19,4819,4872
BIOBIO,PENCO,2648,3259,5260,159,50,8519,8728
METROPOLITANA SANTIAGO,PEÑAFLOR,2809,3999,4509,136,42,8508,8686
METROPOLITANA SANTIAGO,PEÑALOLEN,2779,7071,7699,259,90,14770,15119
LIBERTADOR GENERAL BERNARDO O'HIGGINS,PERALILLO,2608,458,1075,23,8,1533,1564
LA ARAUCANIA,PERQUENCO,2687,74,314,6,3,388,397
VALPARAISO,PETORCA,2556,772,970,46,29,1742,1817
LIBERTADOR GENERAL BERNARDO O'HIGGINS,PEUMO,2590,778,1405,23,15,2183,2221
TARAPACA,PICA,2507,0,0,0,0,0,0
LIBERTADOR GENERAL BERNARDO O'HIGGINS,PICHIDEGUA,2591,1454,3433,54,27,4887,4968
LIBERTADOR GENERAL BERNARDO O'HIGGINS,PICHILEMU,2596,406,636,29,8,1042,1079
ÑUBLE,PINTO,2831,449,2322,41,14,2771,2826
METROPOLITANA SANTIAGO,PIRQUE,2791,1821,2649,71,29,4470,4570
LA ARAUCANIA,PITRUFQUEN,2688,131,464,6,0,595,601
LIBERTADOR GENERAL BERNARDO O'HIGGINS,PLACILLA,2609,334,786,8,7,1120,1135
ÑUBLE,PORTEZUELO,2839,440,1358,16,9,1798,1823
MAGALLANES Y LA ANTARTICA CHILENA,PORVENIR,2753,1543,2233,51,22,3776,3849
TARAPACA,POZO ALMONTE,2503,224,608,15,4,832,851
MAGALLANES Y LA ANTARTICA CHILENA,PRIMAVERA,2754,213,289,1,3,502,506
METROPOLITANA SANTIAGO,PROVIDENCIA,2780,17833,25577,486,215,43410,44111
VALPARAISO,PUCHUNCAVI,2545,619,913,26,14,1532,1572
LA ARAUCANIA,PUCON,2689,2142,4426,113,38,6568,6719
METROPOLITANA SANTIAGO,PUDAHUEL,2781,12642,12735,453,133,25377,25963
METROPOLITANA SANTIAGO,PUENTE ALTO,2790,42714,40992,1587,447,83706,85740
LOS LAGOS,PUERTO MONTT,2707,8275,17681,414,153,25956,26523
LOS LAGOS,PUERTO OCTAY,2727,466,1218,32,16,1684,1732
LOS LAGOS,PUERTO VARAS,2715,1802,4710,84,30,6512,6626
LIBERTADOR GENERAL BERNARDO O'HIGGINS,PUMANQUE,2610,348,988,15,10,1336,1361
COQUIMBO,PUNITAQUI,2539,916,2095,45,28,3011,3084
MAGALLANES Y LA ANTARTICA CHILENA,PUNTA ARENAS,2747,34353,50753,1530,635,85106,87271
LOS LAGOS,PUQUELDON,2721,608,1550,24,28,2158,2210
LA ARAUCANIA,PUREN,2703,381,1596,34,10,1977,2021
LOS LAGOS,PURRANQUE,2728,1402,3702,55,28,5104,5187
VALPARAISO,PUTAENDO,2573,1310,2027,51,20,3337,3408
ARICA Y PARINACOTA,PUTRE,2824,106,346,6,5,452,463
LOS LAGOS,PUYEHUE,2729,266,728,15,15,994,1024
LOS LAGOS,QUEILEN,2722,790,1577,38,31,2367,2436
LOS LAGOS,QUELLON,2723,1519,3855,56,58,5374,5488
LOS LAGOS,QUEMCHI,2724,1268,2323,61,62,3591,3714
BIOBIO,QUILACO,2668,258,794,8,8,1052,1068
METROPOLITANA SANTIAGO,QUILICURA,2782,11185,11848,400,177,23033,23610
BIOBIO,QUILLECO,2669,172,1042,17,7,1214,1238
ÑUBLE,QUILLON,2832,603,2041,33,34,2644,2711
VALPARAISO,QUILLOTA,2558,4083,7043,205,56,11126,11387
VALPARAISO,QUILPUE,2575,8523,11002,391,124,19525,20040
LOS LAGOS,QUINCHAO,2725,1087,1515,48,35,2602,2685
LIBERTADOR GENERAL BERNARDO O'HIGGINS,QUINTA DE TILCOCO,2592,2270,4706,109,49,6976,7134
METROPOLITANA SANTIAGO,QUINTA NORMAL,2783,5560,5664,154,65,11224,11443
VALPARAISO,QUINTERO,2546,1069,1531,60,20,2600,2680
ÑUBLE,QUIRIHUE,2835,1390,4130,95,38,5520,5653
LIBERTADOR GENERAL BERNARDO O'HIGGINS,RANCAGUA,2579,16758,25233,670,198,41991,42859
ÑUBLE,RANQUIL,2840,613,2018,48,17,2631,2696
MAULE,RAUCO,2629,1535,4732,120,38,6267,6425
METROPOLITANA SANTIAGO,RECOLETA,2784,8255,8942,251,113,17197,17561
LA ARAUCANIA,RENAICO,2704,300,1307,24,7,1607,1638
METROPOLITANA SANTIAGO,RENCA,2785,8777,9176,324,112,17953,18389
LIBERTADOR GENERAL BERNARDO O'HIGGINS,RENGO,2593,4692,9077,173,87,13769,14029
LIBERTADOR GENERAL BERNARDO O'HIGGINS,REQUINOA,2594,2681,6659,114,47,9340,9501
MAULE,RETIRO,2638,1772,8405,114,63,10177,10354
VALPARAISO,RINCONADA,2551,472,837,13,8,1309,1330
LOS RIOS,RIO BUENO,2821,1981,5592,97,53,7573,7723
MAULE,RIO CLARO,2619,637,2182,30,23,2819,2872
COQUIMBO,RIO HURTADO,2540,447,1062,28,13,1509,1550
AYSEN GENERAL CARLOS IBAÑEZ CAMPO,RIO IBAÑEZ,2746,599,1099,21,14,1698,1733
LOS LAGOS,RIO NEGRO,2730,354,1113,21,6,1467,1494
MAGALLANES Y LA ANTARTICA CHILENA,RIO VERDE,2749,115,322,2,3,437,442
MAULE,ROMERAL,2630,1006,3285,45,23,4291,4359
LA ARAUCANIA,SAAVEDRA,2690,714,1468,41,20,2182,2243
MAULE,SAGRADA FAMILIA,2631,2246,5872,69,47,8118,8234
COQUIMBO,SALAMANCA,2535,669,1124,27,12,1793,1832
VALPARAISO,SAN ANTONIO,2563,5615,5920,217,68,11535,11820
METROPOLITANA SANTIAGO,SAN BERNARDO,2796,15946,20259,548,207,36205,36960
ÑUBLE,SAN CARLOS,2842,2489,8836,167,61,11325,11553
MAULE,SAN CLEMENTE,2620,2372,7705,130,58,10077,10265
VALPARAISO,SAN ESTEBAN,2552,1820,3715,74,34,5535,5643
ÑUBLE,SAN FABIAN,2845,390,942,20,7,1332,1359
VALPARAISO,SAN FELIPE,2569,4892,7575,185,90,12467,12742
LIBERTADOR GENERAL BERNARDO O'HIGGINS,SAN FERNANDO,2602,2030,4030,85,26,6060,6171
MAGALLANES Y LA ANTARTICA CHILENA,SAN GREGORIO,2750,107,260,6,5,367,378
ÑUBLE,SAN IGNACIO,2833,581,2795,26,19,3376,3421
MAULE,SAN JAVIER,2639,3397,10611,192,62,14008,14262
METROPOLITANA SANTIAGO,SAN JOAQUIN,2786,3953,3324,139,35,7277,7451
METROPOLITANA SANTIAGO,SAN JOSE DE MAIPO,2792,1934,2049,69,22,3983,4074
LOS LAGOS,SAN JUAN DE LA COSTA,2731,337,597,11,12,934,957
METROPOLITANA SANTIAGO,SAN MIGUEL,2787,11322,11286,298,108,22608,23014
ÑUBLE,SAN NICOLAS,2846,582,2089,40,16,2671,2727
LOS LAGOS,SAN PABLO,2732,374,610,9,8,984,1001
METROPOLITANA SANTIAGO,SAN PEDRO,2804,576,1169,13,13,1745,1771
ANTOFAGASTA,SAN PEDRO DE ATACAMA,2514,464,507,14,5,971,990
BIOBIO,SAN PEDRO DE LA PAZ,2649,4832,9085,174,81,13917,14172
MAULE,SAN RAFAEL,2621,465,1459,19,13,1924,1956
METROPOLITANA SANTIAGO,SAN RAMON,2788,4609,5214,210,62,9823,10095
BIOBIO,SAN ROSENDO,2670,315,597,11,1,912,924
LIBERTADOR GENERAL BERNARDO O'HIGGINS,SAN VICENTE,2595,2539,4995,90,42,7534,7666
BIOBIO,SANTA BARBARA,2671,159,544,10,6,703,719
LIBERTADOR GENERAL BERNARDO O'HIGGINS,SANTA CRUZ,2611,1408,3407,45,34,4815,4894
BIOBIO,SANTA JUANA,2650,638,2161,30,21,2799,2850
VALPARAISO,SANTA MARIA,2574,1244,2696,55,24,3940,4019
METROPOLITANA SANTIAGO,SANTIAGO,2758,25916,30227,791,343,56143,57277
VALPARAISO,SANTO DOMINGO,2568,418,1017,19,13,1435,1467
ANTOFAGASTA,SIERRA GORDA,2510,117,257,4,1,374,379
METROPOLITANA SANTIAGO,TALAGANTE,2805,2748,3744,95,29,6492,6616
MAULE,TALCA,2612,14259,24989,525,174,39248,39947
BIOBIO,TALCAHUANO,2651,9178,16555,430,150,25733,26313
ANTOFAGASTA,TALTAL,2511,281,348,8,6,629,643
LA ARAUCANIA,TEMUCO,2675,8733,19598,389,165,28331,28885
MAULE,TENO,2632,2520,7858,161,58,10378,10597
LA ARAUCANIA,TEODORO SCHMIDT,2691,342,1307,25,13,1649,1687
ATACAMA,TIERRA AMARILLA,2519,1780,3160,104,35,4940,5079
METROPOLITANA SANTIAGO,TILTIL,2795,1293,2183,70,18,3476,3564
MAGALLANES Y LA ANTARTICA CHILENA,TIMAUKEL,2755,49,160,3,0,209,212
BIOBIO,TIRUA,2660,510,1675,48,12,2185,2245
ANTOFAGASTA,TOCOPILLA,2515,2052,2945,116,26,4997,5139
LA ARAUCANIA,TOLTEN,2692,523,1873,34,13,2396,2443
BIOBIO,TOME,2652,2872,6478,125,53,9350,9528
MAGALLANES Y LA ANTARTICA CHILENA,TORRES DEL PAINE,2757,345,774,16,9,1119,1144
AYSEN GENERAL CARLOS IBAÑEZ CAMPO,TORTEL,2744,78,120,3,2,198,203
LA ARAUCANIA,TRAIGUEN,2705,1681,6073,93,58,7754,7905
ÑUBLE,TREHUACO,2841,408,1419,10,13,1827,1850
BIOBIO,TUCAPEL,2672,771,2430,42,15,3201,3258
LOS RIOS,VALDIVIA,2810,5292,7214,174,93,12506,12773
ATACAMA,VALLENAR,2522,2631,4111,123,55,6742,6920
VALPARAISO,VALPARAISO,2541,20989,21775,807,225,42764,43796
MAULE,VICHUQUEN,2633,466,1063,18,12,1529,1559
LA ARAUCANIA,VICTORIA,2706,687,2862,43,22,3549,3614
COQUIMBO,VICUÑA,2531,1390,2399,59,33,3789,3881
LA ARAUCANIA,VILCUN,2693,936,3280,55,26,4216,4297
MAULE,VILLA ALEGRE,2640,864,2961,53,36,3825,3914
VALPARAISO,VILLA ALEMANA,2578,7820,10860,392,116,18680,19188
LA ARAUCANIA,VILLARRICA,2694,3044,6973,194,64,10017,10275
VALPARAISO,VIÑA DEL MAR,2547,24888,33810,967,363,58698,60028
METROPOLITANA SANTIAGO,VITACURA,2789,2800,14900,143,55,17700,17898
MAULE,YERBAS BUENAS,2641,1042,4133,67,21,5175,5263
BIOBIO,YUMBEL,2673,739,2264,38,19,3003,3060
ÑUBLE,YUNGAY,2834,854,1889,38,28,2743,2809
VALPARAISO,ZAPALLAR,2557,844,1735,32,13,2579,2624
Extranjero,ALEMANIA,NA,3255,1162,11,14,NA,NA
Extranjero,ARGENTINA,NA,1786,1069,38,19,NA,NA
Extranjero,AUSTRALIA,NA,2600,1295,13,10,NA,NA
Extranjero,AUSTRIA,NA,251,112,1,1,NA,NA
Extranjero,BELGICA,NA,787,174,5,0,NA,NA
Extranjero,BOLIVIA,NA,0,0,0,0,NA,NA
Extranjero,BRASIL,NA,561,492,3,0,NA,NA
Extranjero,CANADA,NA,0,0,0,0,NA,NA
Extranjero,COLOMBIA,NA,0,0,0,0,NA,NA
Extranjero,COREA,NA,58,33,1,0,NA,NA
Extranjero,COSTA RICA,NA,0,0,0,0,NA,NA
Extranjero,CROACIA,NA,18,49,0,0,NA,NA
Extranjero,CUBA,NA,0,0,0,0,NA,NA
Extranjero,DINAMARCA,NA,355,105,1,2,NA,NA
Extranjero,ECUADOR,NA,0,0,0,0,NA,NA
Extranjero,EGIPTO,NA,6,15,0,0,NA,NA
Extranjero,EL LIBANO,NA,5,10,0,0,NA,NA
Extranjero,EL SALVADOR,NA,0,0,0,0,NA,NA
Extranjero,EMIRATOS ARABES UNIDOS,NA,31,72,0,0,NA,NA
Extranjero,ESPAÑA,NA,4718,2473,24,13,NA,NA
Extranjero,ESTADOS UNIDOS,NA,0,0,0,0,NA,NA
Extranjero,FEDERACION RUSA,NA,18,11,0,0,NA,NA
Extranjero,FILIPINAS,NA,9,13,0,0,NA,NA
Extranjero,FINLANDIA,NA,149,64,0,0,NA,NA
Extranjero,FRANCIA,NA,2058,437,8,6,NA,NA
Extranjero,GRECIA,NA,28,27,0,0,NA,NA
Extranjero,GUATEMALA,NA,0,0,0,0,NA,NA
Extranjero,HAITI,NA,0,0,0,0,NA,NA
Extranjero,HONDURAS,NA,0,0,0,0,NA,NA
Extranjero,HUNGRIA,NA,93,46,0,0,NA,NA
Extranjero,INDIA,NA,4,8,0,1,NA,NA
Extranjero,INDONESIA,NA,5,15,0,1,NA,NA
Extranjero,IRLANDA,NA,907,318,3,3,NA,NA
Extranjero,ISRAEL,NA,40,148,0,0,NA,NA
Extranjero,ITALIA,NA,579,423,3,1,NA,NA
Extranjero,JAMAICA,NA,0,0,0,0,NA,NA
Extranjero,JAPON,NA,120,59,0,1,NA,NA
Extranjero,JORDANIA,NA,6,4,0,0,NA,NA
Extranjero,KENIA,NA,10,10,0,0,NA,NA
Extranjero,MALASIA,NA,5,6,0,1,NA,NA
Extranjero,MARRUECOS,NA,1,6,0,0,NA,NA
Extranjero,MEXICO,NA,0,0,0,0,NA,NA
Extranjero,NICARAGUA,NA,0,0,0,0,NA,NA
Extranjero,NORUEGA,NA,248,56,2,0,NA,NA
Extranjero,NUEVA ZELANDA,NA,792,253,2,2,NA,NA
Extranjero,PAISES BAJOS,NA,674,318,1,1,NA,NA
Extranjero,PANAMA,NA,0,0,0,0,NA,NA
Extranjero,PARAGUAY,NA,0,0,0,0,NA,NA
Extranjero,PERU,NA,0,0,0,0,NA,NA
Extranjero,POLONIA,NA,49,39,1,2,NA,NA
Extranjero,PORTUGAL,NA,412,128,2,3,NA,NA
Extranjero,REINO UNIDO,NA,1237,957,12,1,NA,NA
Extranjero,REPUBLICA CHECA,NA,87,35,0,0,NA,NA
Extranjero,REPUBLICA DOMINICANA,NA,0,0,0,0,NA,NA
Extranjero,REPUBLICA POPULAR CHINA,NA,51,98,0,2,NA,NA
Extranjero,RUMANIA,NA,18,6,0,0,NA,NA
Extranjero,SINGAPUR,NA,19,34,0,0,NA,NA
Extranjero,SUDAFRICA,NA,9,27,0,0,NA,NA
Extranjero,SUECIA,NA,2125,267,7,2,NA,NA
Extranjero,SUIZA,NA,850,385,4,1,NA,NA
Extranjero,TAILANDIA,NA,14,17,1,2,NA,NA
Extranjero,TURQUIA,NA,7,14,0,0,NA,NA
Extranjero,URUGUAY,NA,0,0,0,0,NA,NA
Extranjero,VENEZUELA,NA,0,0,0,0,NA,NA
Extranjero,VIETNAM,NA,2,9,0,0,NA,NA
